reference,map_id,score,runner_up,margin,status
1(上分上上).jpg,20059,0.9554,20051,0.387,strong_geometry_match
1(上分叉).jpg,20048,0.9749,20049,0.4189,strong_geometry_match
1(上分叉雙樓梯).jpg,20046,0.967,20036,0.5976,strong_geometry_match
1(上十字路).jpg,20058,0.9535,29999,0.6,strong_geometry_match
1(下).jpg,20034,0.7106,20059,0.3162,visually_reviewed_match
1(下分叉).jpg,20037,0.9813,20031,0.4965,strong_geometry_match
1(下分岔右假樓梯).jpg,20049,0.9683,20048,0.4074,strong_geometry_match
1(下房間假樓梯).jpg,20042,0.9762,20045,0.5222,strong_geometry_match
1(下蛇型下出口).jpg,20054,0.9822,29999,0.6068,strong_geometry_match
1(下雙蛇型).jpg,20053,0.9811,20057,0.5609,strong_geometry_match
1(右)下貼牆死路.jpg,20038,0.921,20042,0.5416,strong_geometry_match
1(右假路).jpg,20045,0.9765,20042,0.5234,strong_geometry_match
1(右出).jpg,20056,0.9873,20057,0.5842,strong_geometry_match
1(右分叉).jpg,20043,0.9817,20047,0.286,strong_geometry_match
1(右樓梯沒選擇).jpg,20060,0.9343,20038,0.5537,strong_geometry_match
1(右牆房).jpg,20035,0.7764,20038,0.3864,strong_geometry_match
1(右蛇型).jpg,20041,0.972,29999,0.5345,strong_geometry_match
1(左房間).jpg,20050,0.9294,20042,0.5729,strong_geometry_match
1(左蛇型).jpg,20047,0.9796,20043,0.2822,strong_geometry_match
1(左雙假路).jpg,20040,0.8293,20034,0.411,strong_geometry_match
2(上下).jpg,20033,0.9714,20059,0.5782,strong_geometry_match
2(下出右蛋).jpg,20051,0.9935,20059,0.4044,strong_geometry_match
2(右出下蛋).jpg,20055,0.9845,20051,0.4383,strong_geometry_match
2(右梯下).jpg,20039,0.9822,20051,0.5142,strong_geometry_match
2(左右).jpg,20057,0.9772,20053,0.5597,strong_geometry_match
3(上左下).jpg,20052,0.9695,20047,0.4798,strong_geometry_match
3(上左下假路).jpg,20036,0.8559,20038,0.4624,strong_geometry_match
3(上房右下).jpg,20044,0.9777,20056,0.6005,strong_geometry_match
3(右路上下雙蛋房).jpg,29999,0.9864,20055,0.4917,strong_geometry_match
3(左梯下右).jpg,20032,0.9541,20031,0.5656,strong_geometry_match
4通道巨圖.jpg,20031,0.9806,20037,0.4959,strong_geometry_match
